{"cameraMode":{"drawMode":0,"name":"Shaded","section":"Shading Mode"},"sceneLighting":false,"audioPlay":false,"sceneViewState":{"m_AlwaysRefresh":false,"showFog":true,"showSkybox":false,"showFlares":true,"showImageEffects":true,"showParticleSystems":true,"showVisualEffectGraphs":true,"m_FxEnabled":true},"in2DMode":false,"pivot":{"x":-88.11436462402344,"y":200.30523681640626,"z":119.03463745117188},"rotation":{"x":-0.00904256571084261,"y":0.23827487230300904,"z":-0.002217689296230674,"w":-0.9711676836013794},"size":103.07764434814453,"orthographic":false}