{"cameraMode":{"drawMode":0,"name":"Shaded","section":"Shading Mode"},"sceneLighting":true,"audioPlay":false,"sceneViewState":{"m_AlwaysRefresh":false,"showFog":true,"showSkybox":true,"showFlares":true,"showImageEffects":true,"showParticleSystems":true,"showVisualEffectGraphs":true,"m_FxEnabled":true},"in2DMode":false,"pivot":{"x":1.9089570045471192,"y":9.018325805664063,"z":-980.7315063476563},"rotation":{"x":0.17175062000751496,"y":-0.07322587072849274,"z":0.013048545457422734,"w":0.9824173450469971},"size":8.280726432800293,"orthographic":false}