{"cameraMode":{"drawMode":0,"name":"Shaded","section":"Shading Mode"},"sceneLighting":true,"audioPlay":false,"sceneViewState":{"m_AlwaysRefresh":false,"showFog":true,"showSkybox":true,"showFlares":true,"showImageEffects":true,"showParticleSystems":true,"showVisualEffectGraphs":true,"m_FxEnabled":true},"in2DMode":false,"pivot":{"x":-0.10058503597974777,"y":3.8932175636291506,"z":-998.306640625},"rotation":{"x":0.10331905633211136,"y":-0.0033017275854945184,"z":0.0003170625423081219,"w":0.9946897029876709},"size":0.8660253882408142,"orthographic":false}