{"cameraMode":{"drawMode":0,"name":"Shaded","section":"Shading Mode"},"sceneLighting":true,"audioPlay":false,"sceneViewState":{"m_AlwaysRefresh":false,"showFog":true,"showSkybox":true,"showFlares":true,"showImageEffects":true,"showParticleSystems":true,"showVisualEffectGraphs":true,"m_FxEnabled":true},"in2DMode":false,"pivot":{"x":-0.08202439546585083,"y":0.9524217247962952,"z":-981.8562622070313},"rotation":{"x":0.04925325885415077,"y":-0.8901946544647217,"z":-0.09922055155038834,"w":-0.4419196844100952},"size":0.09345827996730805,"orthographic":true}