{"cameraMode":{"drawMode":0,"name":"Shaded","section":"Shading Mode"},"sceneLighting":true,"audioPlay":false,"sceneViewState":{"m_AlwaysRefresh":false,"showFog":true,"showSkybox":true,"showFlares":true,"showImageEffects":true,"showParticleSystems":true,"showVisualEffectGraphs":true,"m_FxEnabled":true},"in2DMode":false,"pivot":{"x":0.2598181366920471,"y":7.263790607452393,"z":-998.7728881835938},"rotation":{"x":-0.16454696655273438,"y":-0.08786755055189133,"z":0.014328314922749997,"w":-0.9824692010879517},"size":2.4069786071777345,"orthographic":false}