{"cameraMode":{"drawMode":0,"name":"Shaded","section":"Shading Mode"},"sceneLighting":true,"audioPlay":false,"sceneViewState":{"m_AlwaysRefresh":false,"showFog":true,"showSkybox":true,"showFlares":true,"showImageEffects":true,"showParticleSystems":true,"showVisualEffectGraphs":true,"m_FxEnabled":true},"in2DMode":false,"pivot":{"x":16.980043411254884,"y":195.5256805419922,"z":488.72320556640627},"rotation":{"x":-0.005970628000795841,"y":0.09883659332990647,"z":0.0005922021227888763,"w":0.9950882792472839},"size":653.4547729492188,"orthographic":false}