{"cameraMode":{"drawMode":0,"name":"Shaded","section":"Shading Mode"},"sceneLighting":true,"audioPlay":false,"sceneViewState":{"m_AlwaysRefresh":false,"showFog":true,"showSkybox":true,"showFlares":true,"showImageEffects":true,"showParticleSystems":true,"showVisualEffectGraphs":true,"m_FxEnabled":true},"in2DMode":false,"pivot":{"x":4.922593593597412,"y":8.931361198425293,"z":-1000.0161743164063},"rotation":{"x":-0.22014228999614716,"y":-0.020423121750354768,"z":0.004678643308579922,"w":-0.9752942323684692},"size":0.8660253882408142,"orthographic":false}