{"cameraMode":{"drawMode":0,"name":"Shaded","section":"Shading Mode"},"sceneLighting":true,"audioPlay":false,"sceneViewState":{"m_AlwaysRefresh":false,"showFog":true,"showSkybox":true,"showFlares":true,"showImageEffects":true,"showParticleSystems":true,"showVisualEffectGraphs":true,"m_FxEnabled":true},"in2DMode":false,"pivot":{"x":-1.1844676733016968,"y":3.6045732498168947,"z":-987.906494140625},"rotation":{"x":-0.23626360297203065,"y":-0.0035077123902738096,"z":0.0006393055082298815,"w":-0.9717588424682617},"size":8.810097694396973,"orthographic":false}