{"cameraMode":{"drawMode":0,"name":"Shaded","section":"Shading Mode"},"sceneLighting":true,"audioPlay":false,"sceneViewState":{"m_AlwaysRefresh":false,"showFog":true,"showSkybox":true,"showFlares":true,"showImageEffects":true,"showParticleSystems":true,"showVisualEffectGraphs":true,"m_FxEnabled":true},"in2DMode":false,"pivot":{"x":0.5950592756271362,"y":1.6194888353347779,"z":-979.9690551757813},"rotation":{"x":-0.09200892597436905,"y":-0.13488630950450898,"z":0.012586262077093125,"w":-0.9865107536315918},"size":2.6333980560302736,"orthographic":false}