{"cameraMode":{"drawMode":0,"name":"Shaded","section":"Shading Mode"},"sceneLighting":true,"audioPlay":false,"sceneViewState":{"m_AlwaysRefresh":false,"showFog":true,"showSkybox":true,"showFlares":true,"showImageEffects":true,"showParticleSystems":true,"showVisualEffectGraphs":true,"m_FxEnabled":true},"in2DMode":false,"pivot":{"x":7.715368270874023,"y":6.471037864685059,"z":-8.664894104003907},"rotation":{"x":0.08508013933897019,"y":-0.012855819426476956,"z":-0.0011011247988790274,"w":-0.9963003396987915},"size":44.871849060058597,"orthographic":false}