{"cameraMode":{"drawMode":0,"name":"Shaded","section":"Shading Mode"},"sceneLighting":true,"audioPlay":false,"sceneViewState":{"m_AlwaysRefresh":false,"showFog":true,"showSkybox":true,"showFlares":true,"showImageEffects":true,"showParticleSystems":true,"showVisualEffectGraphs":true,"m_FxEnabled":true},"in2DMode":false,"pivot":{"x":5.127649307250977,"y":1.4667608737945557,"z":-987.3402099609375},"rotation":{"x":-0.030084287747740747,"y":0.9528340101242065,"z":0.10257992893457413,"w":0.28446710109710696},"size":1.692551612854004,"orthographic":false}