{"cameraMode":{"drawMode":0,"name":"Shaded","section":"Shading Mode"},"sceneLighting":true,"audioPlay":false,"sceneViewState":{"m_AlwaysRefresh":false,"showFog":true,"showSkybox":true,"showFlares":true,"showImageEffects":true,"showParticleSystems":true,"showVisualEffectGraphs":true,"m_FxEnabled":true},"in2DMode":false,"pivot":{"x":0.19208455085754395,"y":3.178292751312256,"z":-985.1768188476563},"rotation":{"x":-0.4499906003475189,"y":0.172011137008667,"z":-0.08859908580780029,"w":-0.8719215989112854},"size":0.008241763338446617,"orthographic":false}