{"cameraMode":{"drawMode":0,"name":"Shaded","section":"Shading Mode"},"sceneLighting":true,"audioPlay":false,"sceneViewState":{"m_AlwaysRefresh":false,"showFog":true,"showSkybox":true,"showFlares":true,"showImageEffects":true,"showParticleSystems":true,"showVisualEffectGraphs":true,"m_FxEnabled":true},"in2DMode":false,"pivot":{"x":473.270263671875,"y":-53.994117736816409,"z":-1816.1983642578125},"rotation":{"x":0.001902313670143485,"y":0.967793345451355,"z":-0.006318314000964165,"w":0.25200650095939639},"size":671.0899658203125,"orthographic":false}